<?xml version="1.0" encoding="UTF-8"?>
<project-private xmlns="http://www.netbeans.org/ns/project-private/1">
    <editor-bookmarks xmlns="http://www.netbeans.org/ns/editor-bookmarks/2" lastBookmarkId="0"/>
    <open-files xmlns="http://www.netbeans.org/ns/projectui-open-files/2">
        <group>
            <file>file:/C:/Users/joshu/OneDrive/Documents/NetBeansProjects/EmployeeBonusSystem/test/employeebonussystem/EmployeeTest.java</file>
            <file>file:/C:/Users/joshu/OneDrive/Documents/NetBeansProjects/EmployeeBonusSystem/src/employeebonussystem/Employee.java</file>
            <file>file:/C:/Users/joshu/OneDrive/Documents/NetBeansProjects/EmployeeBonusSystem/test/employeebonussystem/ManagerEmployeeTest.java</file>
            <file>file:/C:/Users/joshu/OneDrive/Documents/NetBeansProjects/EmployeeBonusSystem/test/employeebonussystem/EmployeeBonusSystemTest.java</file>
            <file>file:/C:/Users/joshu/OneDrive/Documents/NetBeansProjects/EmployeeBonusSystem/src/employeebonussystem/EmployeeBonusSystem.java</file>
            <file>file:/C:/Users/joshu/OneDrive/Documents/NetBeansProjects/EmployeeBonusSystem/test/employeebonussystem/RegularEmployeeTest.java</file>
        </group>
    </open-files>
</project-private>
